Ti,Fe,Ni,CSI,Ti2Ni
50,0,50,108900.6243,1.1017351
50,0.1,49.9,106399.8384,1.1065219
50,0.2,49.8,104028.8749,1.1106134
50,0.3,49.7,102302.6199,1.1137485
50,0.4,49.6,100795.9625,1.1180432
50,0.5,49.5,99204.45615,1.1221063
50,0.6,49.4,97530.70344,1.125906
50,0.8,49.2,95566.95969,1.1294065
50,0.7,49.3,96518.09139,1.1296249
50,0.9,49.1,94247.92816,1.1333805
50,1,49,93046.10524,1.1372732
50,1.1,48.9,91760.83363,1.1411192
50,1.2,48.8,90839.0687,1.1449489
50,1.3,48.7,90266.87282,1.1487728
50,1.4,48.6,89103.35226,1.1526201
50,1.5,48.5,88245.60571,1.1564308
50,1.6,48.4,87928.61289,1.1602833
50,1.7,48.3,86507.26332,1.1641621
50,1.8,48.2,85884.47096,1.1680421
50,1.9,48.1,85167.90265,1.1720518
50,2,48,84647.13873,1.1760811
50,2.1,47.9,83890.4878,1.1801731
50,2.2,47.8,82728.74063,1.1843689
50,2.3,47.7,82721.28938,1.1886192
50,2.4,47.6,81642.43244,1.1930323
50,2.5,47.5,81419.05877,1.1974534
50,2.6,47.4,80741.48739,1.2019354
50,2.7,47.3,78564.14894,1.206536
50,2.8,47.2,79613.84113,1.2112493
50,2.9,47.1,78888.98051,1.2160685
50,3,47,78350.21571,1.2209657
50,3.1,46.9,77764.61486,1.2259921
50,3.2,46.8,77021.28115,1.2310909
50,3.3,46.7,76760.9073,1.2363118
50,3.4,46.6,76331.3517,1.2416264
50,3.5,46.5,75822.13103,1.2470582
50,3.6,46.4,75133.19428,1.2526666
50,3.7,46.3,74701.02331,1.2582112
50,3.8,46.2,74327.11128,1.2639548
50,3.9,46.1,73556.53241,1.269807
50,4,46,73426.5709,1.2757654
50.1,0,49.9,79143.63038,1.5163871
50.1,0.1,49.8,77514.59882,1.5212904
50.1,0.2,49.7,75944.02288,1.5259327
50.1,0.3,49.6,74732.19845,1.5300812
50.1,0.4,49.5,73883.38071,1.5340148
50.1,0.6,49.3,71898.17984,1.5365812
50.1,0.5,49.4,72500.66525,1.5376582
50.1,0.7,49.2,71053.38984,1.5403848
50.1,0.8,49.1,70051.86233,1.5440988
50.1,0.9,49,69383.63925,1.5474539
50.1,1,48.9,68524.98847,1.5508172
50.1,1.1,48.8,67900.26858,1.5540751
50.1,1.2,48.7,67254.08414,1.5573449
50.1,1.3,48.6,66580.49311,1.5606813
50.1,1.4,48.5,65954.94524,1.5639137
50.1,1.5,48.4,65486.51513,1.5672455
50.1,1.6,48.3,64904.02344,1.5705121
50.1,1.7,48.2,64548.91274,1.5737781
50.1,1.8,48.1,63768.44383,1.577104
50.1,1.9,48,63458.41481,1.5804476
50.1,2,47.9,63007.24435,1.5838386
50.1,2.1,47.8,62490.88576,1.5873041
50.1,2.4,47.5,61716.38835,1.5890852
50.1,2.2,47.7,62198.41723,1.5908412
50.1,2.5,47.4,61206.97979,1.5929347
50.1,2.3,47.6,61723.11036,1.5945358
50.1,2.6,47.3,60704.13963,1.596753
50.1,2.7,47.2,60728.46111,1.6008122
50.1,2.8,47.1,60246.75878,1.6048021
50.1,2.9,47,59923.00997,1.608922
50.1,3,46.9,59546.28329,1.6131686
50.1,3.1,46.8,59214.82045,1.6174724
50.1,3.2,46.7,59022.88351,1.6218967
50.1,3.3,46.6,58754.51723,1.6263711
50.1,3.4,46.5,58338.3108,1.630962
50.1,3.5,46.4,57897.37498,1.6357775
50.1,3.6,46.3,57723.81213,1.6405562
50.1,3.7,46.2,57426.92889,1.6453326
50.1,3.8,46.1,56952.27655,1.6504446
50.1,3.9,46,56791.99576,1.6553883
50.1,4,45.9,56601.31917,1.6605866
50.2,0,49.8,84488.2692,1.9486069
50.2,0.1,49.7,60719.94624,1.9531796
50.2,0.3,49.5,58693.15775,1.9558874
50.2,0.2,49.6,59264.83694,1.9573685
50.2,0.4,49.4,57917.11941,1.9600091
50.2,0.5,49.3,57173.19527,1.9637814
50.2,0.6,49.2,56353.3453,1.967321
50.2,0.7,49.1,55726.19778,1.9705754
50.2,0.8,49,55005.68778,1.9737675
50.2,0.9,48.9,54403.71042,1.9767118
50.2,1,48.8,53837.79131,1.9796197
50.2,1.1,48.7,53269.34622,1.9823959
50.2,1.2,48.6,52748.13814,1.9851342
50.2,1.3,48.5,52324.11858,1.9878608
50.2,1.7,48.1,51106.04497,1.9889226
50.2,1.4,48.4,51837.49631,1.9905996
50.2,1.8,48,50846.12943,1.9918147
50.2,1.5,48.3,51550.91681,1.9933544
50.2,1.9,47.9,50324.00075,1.9946885
50.2,1.6,48.2,51253.94195,1.9961444
50.2,2,47.8,50168.82353,1.9976083
50.2,2.1,47.7,49872.16959,2.0005742
50.2,2.2,47.6,49645.61496,2.0035425
50.2,2.3,47.5,49265.20486,2.0065879
50.2,2.4,47.4,48817.29053,2.0097067
50.2,2.5,47.3,48679.3829,2.0128583
50.2,2.6,47.2,48380.80849,2.0162104
50.2,2.7,47.1,48314.02918,2.0193878
50.2,2.8,47,47912.63719,2.0227802
50.2,2.9,46.9,47663.54599,2.0262087
50.2,3,46.8,47324.99225,2.0297709
50.2,3.1,46.7,46987.93315,2.0334359
50.2,3.2,46.6,46879.65188,2.0371765
50.2,3.3,46.5,46881.37302,2.0409391
50.2,3.4,46.4,46559.97394,2.0448388
50.2,3.5,46.3,46458.7206,2.0488582
50.2,3.6,46.2,45377.45244,2.0529509
50.2,3.7,46.1,45972.1391,2.0571571
50.2,3.8,46,45774.85926,2.0614745
50.2,3.9,45.9,45483.24573,2.0658562
50.2,4,45.8,45571.02897,2.0703874
50.3,0,49.7,121441.7313,2.3870407
50.3,0.1,49.6,92089.47324,2.3915724
50.3,0.2,49.5,77722.27398,2.3958408
50.3,0.3,49.4,68301.18866,2.3998876
50.3,0.4,49.3,64176.54259,2.4035715
50.3,0.5,49.2,52441.61204,2.4069472
50.3,0.6,49.1,46078.74438,2.4100825
50.3,1.1,48.6,43927.92807,2.4125691
50.3,0.7,49,45500.95298,2.412988
50.3,1.2,48.5,43600.33499,2.4149957
50.3,0.8,48.9,45112.65119,2.4157836
50.3,1.3,48.4,43067.32247,2.4173924
50.3,0.9,48.8,44672.12061,2.4183786
50.3,1.4,48.3,42837.83772,2.4197632
50.3,1,48.7,44384.55961,2.4207753
50.3,1.5,48.2,41911.2694,2.4221425
50.3,1.6,48.1,42300.69268,2.4246932
50.3,1.7,48,41959.95475,2.4269122
50.3,1.8,47.9,41600.23634,2.429213
50.3,1.9,47.8,41478.08365,2.431651
50.3,2,47.7,41185.93353,2.4337762
50.3,2.1,47.6,40883.90559,2.4361304
50.3,2.2,47.5,40720.90183,2.4385092
50.3,2.3,47.4,40463.68275,2.440909
50.3,2.4,47.3,40236.16918,2.4433235
50.3,2.5,47.2,39737.95054,2.4458503
50.3,2.6,47.1,39988.48531,2.4485281
50.3,2.7,47,39802.58054,2.451058
50.3,2.8,46.9,39459.37151,2.453784
50.3,2.9,46.8,39464.80723,2.4565749
50.3,3,46.7,39107.81799,2.4594328
50.3,3.1,46.6,39038.53119,2.4623758
50.3,3.2,46.5,38948.67859,2.4654037
50.3,3.3,46.4,38524.0752,2.4685576
50.3,3.4,46.3,38554.99683,2.4717858
50.3,3.5,46.2,38395.19449,2.4752388
50.3,3.6,46.1,38256.52908,2.4785575
50.3,3.7,46,38009.18418,2.4820423
50.3,3.8,45.9,37895.5994,2.4856938
50.3,3.9,45.8,37758.65936,2.4894046
50.3,4,45.7,37783.06176,2.4932237
50.4,0,49.6,161010.0666,2.8063239
50.4,0.1,49.5,138618.3248,2.8459803
50.4,0.2,49.4,122517.1537,2.8500236
50.4,0.6,49,55658.9355,2.8522256
50.4,0.3,49.3,96306.36931,2.8537664
50.4,0.7,48.9,49088.68726,2.8551789
50.4,0.4,49.2,78452.8903,2.857144
50.4,0.8,48.8,45934.72486,2.8575675
50.4,0.9,48.7,37766.91934,2.8599319
50.4,0.5,49.1,65400.10272,2.8601694
50.4,1,48.6,37244.7852,2.8623946
50.4,1.1,48.5,37070.69644,2.8645782
50.4,1.2,48.4,36803.2646,2.8663486
50.4,1.3,48.3,36496.87852,2.8683299
50.4,1.4,48.2,36297.38635,2.8699989
50.4,1.5,48.1,35993.7813,2.8718365
50.4,1.6,48,35661.99632,2.8738803
50.4,1.7,47.9,35578.32117,2.8756404
50.4,1.8,47.8,35137.35695,2.8775545
50.4,1.9,47.7,35031.34069,2.8791577
50.4,2,47.6,34844.97069,2.8808779
50.4,2.1,47.5,34607.22008,2.882609
50.4,2.2,47.4,34510.03626,2.8844021
50.4,2.3,47.3,34303.66945,2.8862602
50.4,2.4,47.2,34058.37344,2.8881055
50.4,2.5,47.1,34088.96053,2.8898818
50.4,2.6,47,33906.24108,2.8918144
50.4,2.7,46.9,33680.20085,2.8937869
50.4,2.8,46.8,33597.04217,2.8958501
50.4,2.9,46.7,33443.47962,2.8980004
50.4,3,46.6,33231.40589,2.9002027
50.4,3.1,46.5,33171.72781,2.9024574
50.4,3.2,46.4,33012.08966,2.9049922
50.4,3.3,46.3,32925.52865,2.9072493
50.4,3.4,46.2,32696.43303,2.9098403
50.4,3.5,46.1,32597.07487,2.9124357
50.4,3.6,46,32448.5053,2.9152143
50.4,3.7,45.9,32411.89595,2.9180502
50.4,3.8,45.8,32431.44109,2.9209447
50.4,3.9,45.7,34892.5137,2.9240108
50.4,4,45.6,32217.11595,2.9272744
50.5,0,49.5,138696.3573,3.2532901
50.5,0.1,49.4,150585.4209,3.2607782
50.5,0.2,49.3,161409.654,3.302525
50.5,0.3,49.2,140672.6446,3.3057781
50.5,0.4,49.1,114771.4406,3.3090161
50.5,0.5,49,104137.1439,3.3119682
50.5,0.6,48.9,81905.44272,3.3147084
50.5,0.7,48.8,69943.72156,3.3171547
50.5,0.8,48.7,68375.33963,3.3195325
50.5,0.9,48.6,59241.01991,3.3216357
50.5,1,48.5,46346.98793,3.323513
50.5,1.1,48.4,48315.38287,3.3251003
50.5,1.2,48.3,39599.40387,3.3266159
50.5,1.3,48.2,41637.79836,3.328293
50.5,1.4,48.1,31316.59898,3.3294278
50.5,1.5,48,31009.86736,3.3307762
50.5,1.6,47.9,30904.81699,3.3321124
50.5,1.7,47.8,30654.846,3.333464
50.5,1.8,47.7,30490.25482,3.3350023
50.5,1.9,47.6,30268.36174,3.3360599
50.5,2,47.5,30132.18456,3.3372194
50.5,2.1,47.4,29997.04981,3.3383634
50.5,2.2,47.3,29826.84418,3.3395559
50.5,2.3,47.2,29656.26299,3.340797
50.5,2.4,47.1,29470.14898,3.3421799
50.5,2.5,47,29416.97977,3.3433055
50.5,2.6,46.9,29188.92873,3.3446351
50.5,2.7,46.8,28643.352,3.3459874
50.5,2.8,46.7,28967.39016,3.347424
50.5,2.9,46.6,28964.04284,3.348872
50.5,3,46.5,28856.99423,3.3504655
50.5,3.1,46.4,32178.79753,3.3520918
50.5,3.2,46.3,28645.17441,3.3537551
50.5,3.3,46.2,33689.28342,3.355551
50.5,3.4,46.1,34493.65601,3.357476
50.5,3.5,46,34236.65662,3.359463
50.5,3.6,45.9,32975.28972,3.361497
50.5,3.7,45.8,33874.25283,3.3636497
50.5,3.8,45.7,36686.69702,3.3659182
50.5,3.9,45.6,40044.31482,3.3682995
50.5,4,45.5,43489.41352,3.37079
50.6,0,49.4,121329.4792,3.7188704
50.6,0.1,49.3,131322.165,3.7262444
50.6,0.2,49.2,142578.2933,3.7334364
50.6,0.3,49.1,154135.2616,3.7398317
50.6,0.4,49,152741.9158,3.7796215
50.6,0.5,48.9,128847.6036,3.7824
50.6,0.6,48.8,119942.652,3.7848786
50.6,0.7,48.7,92020.69402,3.7871345
50.6,0.8,48.6,84823.34655,3.7891208
50.6,0.9,48.5,80818.04202,3.7908372
50.6,1,48.4,72773.14005,3.7924037
50.6,1.1,48.3,64410.9592,3.7936804
50.6,1.2,48.2,47220.172,3.7948075
50.6,1.3,48.1,49210.49764,3.7958288
50.6,1.4,48,37443.93536,3.7967679
50.6,1.5,47.9,39083.3787,3.7976553
50.6,1.6,47.8,31541.67267,3.7987239
50.6,1.7,47.7,33226.77208,3.7993669
50.6,1.8,47.6,38856.21841,3.8004595
50.6,1.9,47.5,37267.38113,3.8010403
50.6,2,47.4,32100.66903,3.801743
50.6,2.1,47.3,32928.09342,3.8023331
50.6,2.2,47.2,28030.27855,3.8030386
50.6,2.3,47.1,29518.03709,3.8036858
50.6,2.4,47,32775.21914,3.8043535
50.6,2.5,46.9,31566.15665,3.8050347
50.6,2.6,46.8,31818.25354,3.8057253
50.6,2.7,46.7,33237.75694,3.8064962
50.6,2.8,46.6,30048.81259,3.8073424
50.6,2.9,46.5,32746.84951,3.8081829
50.6,3,46.4,28653.60074,3.8091668
50.6,3.1,46.3,28130.33958,3.810136
50.6,3.2,46.2,33127.8227,3.8111955
50.6,3.3,46.1,40877.29036,3.8123615
50.6,3.4,46,36817.61712,3.8136474
50.6,3.5,45.9,39868.85884,3.8149009
50.6,3.6,45.8,36185.34538,3.8165906
50.6,3.7,45.7,45067.67022,3.8180916
50.6,3.8,45.6,48599.83613,3.8194548
50.6,3.9,45.5,53279.25453,3.8211719
50.6,4,45.4,55028.3368,3.8229161
50.7,0,49.3,107794.1924,4.1903846
50.7,0.1,49.2,116186.0491,4.1985023
50.7,0.2,49.1,125940.2008,4.2058325
50.7,0.3,49,135949.7767,4.2124152
50.7,0.4,48.9,144941.5793,4.2184481
50.7,0.5,48.8,157856.3897,4.2238219
50.7,0.6,48.7,147550.8606,4.2619262
50.7,0.7,48.6,129303.7723,4.2639011
50.7,0.8,48.5,106201.3962,4.2655566
50.7,0.9,48.4,103846.0695,4.2670312
50.7,1,48.3,93690.45584,4.2683263
50.7,1.1,48.2,75741.6787,4.2693943
50.7,1.2,48.1,71662.80175,4.2700565
50.7,1.3,48,66840.65484,4.2706788
50.7,1.4,47.9,62827.55118,4.2712133
50.7,1.5,47.8,57434.39018,4.2716627
50.7,1.6,47.7,54074.51314,4.2720775
50.7,1.7,47.6,42085.3315,4.2724816
50.7,1.8,47.5,37421.18557,4.273131
50.7,1.9,47.4,46709.57239,4.2732862
50.7,2.1,47.2,30156.88921,4.2736747
50.7,2.2,47.1,32337.32315,4.2737561
50.7,2,47.3,34753.49913,4.2737923
50.7,2.3,47,31151.73446,4.273929
50.7,2.4,46.9,40620.15368,4.2740174
50.7,2.5,46.8,35964.55212,4.2741871
50.7,2.6,46.7,38522.47889,4.2743472
50.7,2.7,46.6,41111.47396,4.2744894
50.7,2.8,46.5,29925.25318,4.2747851
50.7,2.9,46.4,42933.16148,4.2750532
50.7,3,46.3,42179.01998,4.2753838
50.7,3.1,46.2,37782.62316,4.2760369
50.7,3.2,46.1,44111.78014,4.2764952
50.7,3.3,46,43415.2313,4.2767732
50.7,3.4,45.9,39382.02782,4.2773635
50.7,3.5,45.8,48127.20535,4.278075
50.7,3.6,45.7,48660.02016,4.2788191
50.7,3.7,45.6,55162.2882,4.2796772
50.7,3.8,45.5,57093.87383,4.2806475
50.7,3.9,45.4,56776.5503,4.2820107
50.7,4,45.3,59887.13349,4.2828188
50.8,0,49.2,96625.96351,4.6681929
50.8,0.1,49.1,104296.1102,4.6765878
50.8,0.2,49,111637.5978,4.6841753
50.8,0.3,48.9,121029.5556,4.6910471
50.8,0.4,48.8,130565.9659,4.6972357
50.8,0.5,48.7,140404.0031,4.7026811
50.8,0.6,48.6,150612.8916,4.7075137
50.8,0.7,48.5,161123.8974,4.7118314
50.8,3.3,45.9,51830.50719,4.748039
50.8,3.4,45.8,58233.63652,4.7480433
50.8,3.5,45.7,50275.7705,4.7480685
50.8,3.2,46,55246.12824,4.7481146
50.8,3.6,45.6,53153.46214,4.7482092
50.8,0.8,48.4,146842.9886,4.7483214
50.8,3,46.2,47358.71021,4.7484453
50.8,3.7,45.5,66470.71313,4.7484619
50.8,3.1,46.1,50051.87893,4.7485886
50.8,2.9,46.3,51940.95677,4.7486681
50.8,3.8,45.4,65759.62093,4.7487244
50.8,3.9,45.3,61370.72464,4.7491893
50.8,2.7,46.5,50193.88566,4.7492384
50.8,2.8,46.4,38667.96677,4.7492452
50.8,0.9,48.3,132085.3724,4.7494877
50.8,2.6,46.6,47544.4316,4.7496049
50.8,4,45.2,64425.59106,4.749657
50.8,2.5,46.7,44924.08871,4.7500307
50.8,1,48.2,116443.9388,4.7504936
50.8,2.4,46.8,42381.19945,4.7507372
50.8,2.3,46.9,50568.45253,4.750794
50.8,2.2,47,44418.69999,4.7511438
50.8,1.1,48.1,99861.83828,4.7512381
50.8,2.1,47.1,45489.12696,4.7515744
50.8,1.2,48,82774.75791,4.7516377
50.8,2,47.2,50067.37913,4.7519053
50.8,1.9,47.3,50999.67544,4.7519676
50.8,1.4,47.8,79387.16112,4.7520558
50.8,1.7,47.5,63652.41799,4.7520844
50.8,1.5,47.7,68040.01227,4.7521088
50.8,1.3,47.9,83248.06342,4.7522316
50.8,1.8,47.4,55510.99026,4.7523388
50.8,1.6,47.6,60587.95594,4.7524365
50.9,0,49.1,87648.94846,5.1515227
50.9,0.1,49,94323.69923,5.160278
50.9,0.2,48.9,101508.9655,5.1680427
50.9,0.3,48.8,109037.0405,5.1752173
50.9,0.4,48.7,117445.9533,5.1814431
50.9,0.5,48.6,126081.432,5.1869864
50.9,0.6,48.5,135134.9093,5.1919559
50.9,0.7,48.4,144587.0434,5.19632
50.9,0.8,48.3,154357.8085,5.2004017
50.9,4,45.1,88473.71683,5.2228723
50.9,3.9,45.2,78573.09359,5.2229949
50.9,3.8,45.3,79860.36987,5.2232236
50.9,3.7,45.4,70129.95752,5.2235512
50.9,3.6,45.5,74785.40309,5.2238742
50.9,3.5,45.6,68519.35861,5.2243048
50.9,3.4,45.7,62421.20453,5.2248459
50.9,3.3,45.8,56361.18697,5.2254551
50.9,3.2,45.9,57235.72951,5.2261232
50.9,3.1,46,58203.59746,5.2272552
50.9,3,46.1,62919.35784,5.2276194
50.9,2.9,46.2,56536.13983,5.2288088
50.9,2.8,46.3,57550.99718,5.2293229
50.9,2.7,46.4,47879.79481,5.2301201
50.9,2.6,46.5,59681.83067,5.2310625
50.9,2.5,46.6,46275.7,5.2322657
50.9,2.4,46.7,50636.40859,5.2327657
50.9,2.3,46.8,48090.10985,5.2336536
50.9,2.2,46.9,59487.10754,5.2344995
50.9,2.1,47,64012.26346,5.2354147
50.9,2,47.1,57442.88088,5.2361984
50.9,1.9,47.2,58101.9754,5.2365897
50.9,1.8,47.3,65752.259,5.2374469
50.9,0.9,48.2,159611.8098,5.2376766
50.9,1.7,47.4,76800.73938,5.2379016
50.9,1.6,47.5,77293.01629,5.2380207
50.9,1.4,47.7,91354.34015,5.2387339
50.9,1.5,47.6,84665.40818,5.2387651
50.9,1,48.1,143932.4482,5.2388074
50.9,1.1,48,118117.9129,5.2388569
50.9,1.2,47.9,116797.6209,5.2389589
50.9,1.3,47.8,101551.6305,5.2392878
51,0,49,80101.25246,5.6397389
51,0.1,48.9,86106.88641,5.6487286
51,0.2,48.8,92428.22373,5.656906
51,0.3,48.7,99314.77009,5.6642157
51,0.4,48.6,106565.5918,5.6706069
51,0.5,48.5,114418.9419,5.6763966
51,0.6,48.4,122319.4002,5.681489
51,0.7,48.3,130638.729,5.6858702
51,0.8,48.2,139332.1654,5.689677
51,0.9,48.1,148371.6177,5.6930545
51,1,48,157917.7296,5.6957967
51,4,45,97752.1244,5.7018652
51,3.9,45.1,95606.75286,5.7026852
51,3.8,45.2,82674.96921,5.7034777
51,3.7,45.3,76938.68774,5.7043643
51,3.6,45.4,81726.68306,5.7053512
51,3.5,45.5,72097.7118,5.7064283
51,3.4,45.6,73249.42732,5.7075024
51,3.3,45.7,67379.36578,5.7087544
51,3.2,45.8,64817.51436,5.7099371
51,3.1,45.9,62388.06786,5.7112374
51,3,46,63352.1203,5.7125449
51,2.9,46.1,64301.09024,5.7138629
51,2.8,46.2,68839.75266,5.7151985
51,2.7,46.3,59167.78699,5.7170498
51,2.6,46.4,67207.05838,5.7184392
51,2.5,46.5,60911.97701,5.7197317
51,2.4,46.6,68945.91778,5.7208036
51,2.3,46.7,73147.85318,5.7221826
51,2.2,46.8,66607.54082,5.7235016
51,2.1,46.9,70627.04434,5.7247493
51,2,47,78388.33722,5.7257399
51,1.9,47.1,74879.77847,5.7270441
51,1.8,47.2,89178.17124,5.727952
51,1.7,47.3,90029.95618,5.7288377
51,1.6,47.4,93443.74445,5.7292661
51,1.5,47.5,103851.7868,5.7300412
51,1.4,47.6,109905.6527,5.7307058
51,1.3,47.7,126655.5381,5.7312218
51,1.2,47.8,134696.8821,5.7317204
51,1.1,47.9,154801.4892,5.7317671
51.1,0,48.9,73724.35881,6.1326881
51.1,0.1,48.8,79001.28015,6.1419942
51.1,0.2,48.7,82872.64283,6.1503632
51.1,0.3,48.6,90761.13429,6.1579142
51.1,0.4,48.5,97457.36149,6.1646014
51.1,0.5,48.4,104238.7693,6.1703743
51.1,0.6,48.3,111600.2058,6.175559
51.1,0.7,48.2,118936.4737,6.1801164
51.1,0.8,48.1,126926.7038,6.1840133
51.1,0.9,48,134901.8955,6.1872136
51.1,3.9,45,97763.35507,6.1877238
51.1,3.8,45.1,106498.2831,6.1890509
51.1,1,47.9,143691.554,6.1905239
51.1,3.7,45.2,100944.9763,6.1905931
51.1,1.1,47.8,152013.0575,6.1923573
51.1,3.6,45.3,87929.08279,6.1924884
51.1,3.5,45.4,89297.61057,6.1938328
51.1,1.2,47.7,160247.6473,6.1940511
51.1,3.4,45.5,83437.61127,6.1954809
51.1,3.3,45.6,88548.59727,6.197533
51.1,3.2,45.7,78964.46618,6.198939
51.1,3.1,45.8,72937.80311,6.2008407
51.1,3,45.9,74107.34132,6.2026073
51.1,2.9,46,78752.6835,6.2044959
51.1,2.8,46.1,76097.00115,6.2063846
51.1,2.7,46.2,80728.32458,6.2082808
51.1,2.6,46.3,74081.15247,6.210186
51.1,2.5,46.4,82130.13425,6.2119876
51.1,2.4,46.5,71884.0899,6.2138106
51.1,2.3,46.6,79588.41417,6.215664
51.1,2.2,46.7,76297.64295,6.2174283
51.1,2.1,46.8,83762.11306,6.2195215
51.1,2,46.9,90860.72956,6.2204311
51.1,1.9,47,94269.46621,6.221743
51.1,1.8,47.1,93699.68311,6.2234798
51.1,1.7,47.2,105466.2238,6.2247395
51.1,1.6,47.3,123104.5312,6.225484
51.1,1.5,47.4,121323.5092,6.2270584
51.1,1.4,47.5,130175.0849,6.2275968
51.1,1.3,47.6,144118.6576,6.228412
51.2,0,48.8,67943.91894,6.6296074
51.2,0.1,48.7,72796.25002,6.6393493
51.2,0.2,48.6,78199.74872,6.6480224
51.2,0.3,48.5,83723.36856,6.6557674
51.2,0.4,48.4,87662.87517,6.6627231
51.2,0.5,48.3,95871.77116,6.6686488
51.2,0.6,48.2,102390.429,6.6740943
51.2,0.7,48.1,109181.5159,6.6786239
51.2,3.8,45,108279.3436,6.6797356
51.2,3.7,45.1,102865.8612,6.6817858
51.2,0.8,48,116300.2783,6.6826015
51.2,3.6,45.2,111817.8558,6.6839216
51.2,0.9,47.9,123548.5269,6.6859962
51.2,3.5,45.3,102537.3738,6.6861437
51.2,3.4,45.4,93270.71567,6.6882653
51.2,1,47.8,131277.4993,6.6892796
51.2,3.3,45.5,101960.7889,6.6905438
51.2,1.1,47.7,138230.1152,6.6909068
51.2,1.2,47.6,146643.0054,6.6925753
51.2,3.2,45.6,99869.26844,6.6929207
51.2,1.3,47.5,154661.4505,6.6934303
51.2,1.4,47.4,161173.404,6.6939524
51.2,3.1,45.7,90045.02111,6.6952733
51.2,3,45.8,84178.80431,6.6975861
51.2,2.9,45.9,88665.1919,6.7000259
51.2,2.8,46,86083.87621,6.702721
51.2,2.7,46.1,90662.53639,6.7047341
51.2,2.6,46.2,83995.2821,6.707011
51.2,2.5,46.3,91873.5292,6.7098349
51.2,2.4,46.4,92228.99196,6.711711
51.2,2.3,46.5,88989.90317,6.7138795
51.2,2.2,46.6,99758.01183,6.7160683
51.2,2.1,46.7,99388.62193,6.7181507
51.2,2,46.8,99069.67644,6.7197581
51.2,1.9,46.9,116053.9019,6.7214727
51.2,1.8,47,118247.104,6.7236214
51.2,1.7,47.1,123597.8235,6.7252389
51.2,1.6,47.2,143878.7348,6.7267608
51.2,1.5,47.3,148631.8571,6.7277402
51.3,0,48.7,63329.76947,7.1306087
51.3,0.1,48.6,67833.45946,7.1405735
51.3,0.2,48.5,72583.1652,7.1497037
51.3,0.3,48.4,77603.40894,7.1575782
51.3,0.4,48.3,82987.1848,7.1647667
51.3,0.5,48.2,88544.75024,7.1710226
51.3,0.6,48.1,94490.83961,7.1765087
51.3,3.7,45,120201.6825,7.1776319
51.3,3.6,45.1,115047.0455,7.1802333
51.3,0.7,48,100559.8726,7.1814007
51.3,3.5,45.2,112954.2899,7.1829994
51.3,0.8,47.9,107133.2391,7.1854465
51.3,3.4,45.3,107401.8122,7.1857697
51.3,3.3,45.4,112727.6247,7.1886311
51.3,0.9,47.8,113847.7477,7.1888262
51.3,3.2,45.5,103229.6276,7.19144
51.3,1,47.7,120661.2805,7.1920481
51.3,1.1,47.6,127619.6263,7.1936971
51.3,3.1,45.6,101009.3511,7.194204
51.3,1.2,47.5,134589.2974,7.1953478
51.3,1.3,47.4,142237.1198,7.1961701
51.3,1.4,47.3,148379.5518,7.1966189
51.3,1.6,47.1,161366.4195,7.1967949
51.3,3,45.7,102096.3053,7.1970716
51.3,1.5,47.2,154884.2843,7.1971142
51.3,2.9,45.8,106694.1553,7.1999019
51.3,2.8,45.9,103757.8751,7.2032898
51.3,2.7,46,97400.94256,7.205608
51.3,2.6,46.1,101325.9457,7.2085016
51.3,2.5,46.2,109108.8767,7.2116754
51.3,2.4,46.3,109133.8293,7.2144081
51.3,2.3,46.4,109015.1762,7.2165569
51.3,2.2,46.5,115783.1647,7.2191464
51.3,2.1,46.6,115112.1075,7.2213334
51.3,2,46.7,120959.6911,7.2234476
51.3,1.9,46.8,130227.0125,7.2260098
51.3,1.8,46.9,139039.0823,7.2280198
51.3,1.7,47,148015.3309,7.2300071
51.4,0,48.6,59104.59083,7.6353094
51.4,0.1,48.5,63337.17793,7.6457564
51.4,0.2,48.4,67494.363,7.6550912
51.4,0.3,48.3,72266.57877,7.6632561
51.4,0.4,48.2,77083.60216,7.6706499
51.4,0.5,48.1,82235.64627,7.6772265
51.4,3.6,45,137452.9717,7.6809083
51.4,0.6,48,87718.85885,7.6827096
51.4,3.5,45.1,121515.6803,7.6842628
51.4,3.4,45.2,126582.893,7.6874544
51.4,0.7,47.9,93336.89211,7.6877508
51.4,3.3,45.3,114231.484,7.6908843
51.4,0.8,47.8,99136.68395,7.6918509
51.4,3.2,45.4,122860.0685,7.6940876
51.4,0.9,47.7,105166.4522,7.6954413
51.4,3.1,45.5,116851.794,7.6975397
51.4,1,47.6,111698.626,7.6982515
51.4,3,45.6,121730.5129,7.7007785
51.4,1.1,47.5,118055.346,7.7010618
51.4,1.8,46.8,162492.7916,7.7012386
51.4,1.2,47.4,124450.1912,7.7021405
51.4,1.7,46.9,155029.4626,7.7022326
51.4,1.6,47,148999.6894,7.7025334
51.4,1.4,47.2,136892.9554,7.703084
51.4,1.3,47.3,131434.6998,7.7031574
51.4,1.5,47.1,143257.2954,7.7035357
51.4,2.9,45.7,119061.9486,7.7041166
51.4,2.8,45.8,116129.6594,7.7074072
51.4,2.7,45.9,112970.5709,7.7108086
51.4,2.6,46,109984.8805,7.7140193
51.4,2.5,46.1,124389.663,7.7171989
51.4,2.4,46.2,116924.6033,7.720336
51.4,2.3,46.3,120162.4479,7.7233166
51.4,2.2,46.4,126389.8456,7.7262857
51.4,2.1,46.5,139666.6169,7.7287064
51.4,2,46.6,145161.4425,7.7311813
51.4,1.9,46.7,142837.7793,7.734098
51.5,0,48.5,55566.28167,8.1436075
51.5,0.1,48.4,59278.72751,8.154359
51.5,0.2,48.3,63229.98292,8.1637835
51.5,0.3,48.2,67510.38562,8.1724389
51.5,0.4,48.1,71917.04097,8.1799916
51.5,0.5,48,76611.66524,8.1866347
51.5,3.5,45,136470.8056,8.1894876
51.5,0.6,47.9,81750.77025,8.1925588
51.5,3.4,45.1,138230.8283,8.1932297
51.5,3.3,45.2,136353.9846,8.197567
51.5,0.7,47.8,86469.12418,8.1977343
51.5,3.2,45.3,130919.3065,8.2009429
51.5,0.8,47.7,92392.72941,8.2018695
51.5,3.1,45.4,132217.8464,8.2047579
51.5,0.9,47.6,97867.1303,8.2054289
51.5,2,46.5,161753.8662,8.2077906
51.5,1,47.5,103745.9606,8.2083736
51.5,3,45.5,129564.1128,8.2084946
51.5,1.9,46.6,156636.344,8.2088616
51.5,1.1,47.4,109739.9633,8.210684
51.5,1.8,46.7,149369.8758,8.2108034
51.5,1.7,46.8,140820.3623,8.2120415
51.5,2.9,45.6,130536.8653,8.2123249
51.5,1.2,47.3,115579.4642,8.2123268
51.5,1.6,46.9,138685.4,8.2129863
51.5,1.5,47,132800.4934,8.2130552
51.5,1.4,47.1,127881.8979,8.2132811
51.5,1.3,47.2,121808.2431,8.213618
51.5,2.8,45.7,134827.5825,8.2160894
51.5,2.7,45.8,124387.1194,8.2197935
51.5,2.6,45.9,131981.9037,8.2239615
51.5,2.5,46,135330.4435,8.2275423
51.5,2.4,46.1,131271.2436,8.2304385
51.5,2.3,46.2,137650.4264,8.2339598
51.5,2.2,46.3,143314.7728,8.2370974
51.5,2.1,46.4,152289.3962,8.2399279
51.6,0,48.4,52195.33907,8.6549387
51.6,0.1,48.3,55511.04311,8.6660852
51.6,0.2,48.2,59374.09432,8.6766031
51.6,0.3,48.1,63328.59639,8.6847537
51.6,0.4,48,67484.74215,8.6926733
51.6,0.5,47.9,71611.17489,8.6995912
51.6,3.4,45,155113.7977,8.7029031
51.6,0.6,47.8,76467.77444,8.7057077
51.6,3.3,45.1,150962.3626,8.7070723
51.6,0.7,47.7,81270.47165,8.7109957
51.6,3.2,45.2,148868.8145,8.7114903
51.6,2.3,46.1,162271.7765,8.7139254
51.6,0.8,47.6,86240.27941,8.7154069
51.6,3.1,45.3,153842.9735,8.715632
51.6,2.2,46.2,158808.2163,8.7158011
51.6,2.1,46.3,155006.6236,8.7179188
51.6,0.9,47.5,91528.77268,8.7191308
51.6,2,46.4,150851.8516,8.7199008
51.6,3,45.4,140602.661,8.7200275
51.6,1.9,46.5,146243.1514,8.7217553
51.6,1,47.4,96785.24993,8.7219518
51.6,1.8,46.6,139417.1207,8.7239471
51.6,2.9,45.5,145093.4828,8.72416
51.6,1.1,47.3,102106.6109,8.7243346
51.6,1.7,46.7,134396.5488,8.7252912
51.6,1.6,46.8,129250.5923,8.7258593
51.6,1.2,47.2,107978.9146,8.7259776
51.6,1.5,46.9,123979.8763,8.7266201
51.6,1.4,47,119176.2972,8.7269436
51.6,1.3,47.1,113545.6771,8.7277141
51.6,2.8,45.6,138641.1941,8.7283797
51.6,2.7,45.7,145862.5177,8.7325238
51.6,2.6,45.8,142187.9602,8.7365926
51.6,2.5,45.9,145254.2231,8.7405969
51.6,2.4,46,151435.8179,8.7448859
51.7,0,48.3,49246.97348,9.1695018
51.7,0.1,48.2,52388.3824,9.181048
51.7,3.3,45,158365.4397,9.1846676
51.7,3.2,45.1,159578.6807,9.1897434
51.7,0.2,48.1,55861.35429,9.1911118
51.7,3.1,45.2,160629.9633,9.1945533
51.7,3,45.3,161181.1982,9.1994156
51.7,0.3,48,59586.7507,9.2004412
51.7,2.9,45.4,161258.2407,9.2043439
51.7,0.4,47.9,63411.97833,9.2084457
51.7,2.8,45.5,160992.1547,9.2087246
51.7,2.7,45.6,160425.2825,9.2131877
51.7,0.5,47.8,67373.69298,9.2156144
51.7,2.6,45.7,158939.4424,9.2174411
51.7,2.5,45.8,157170.6284,9.2214908
51.7,0.6,47.7,71733.44157,9.2219037
51.7,2.4,45.9,154800.6812,9.2259409
51.7,0.7,47.6,75819.09202,9.2272773
51.7,2.3,46,152223.3098,9.2287295
51.7,2.2,46.1,148951.9127,9.2318626
51.7,0.8,47.5,80864.29315,9.2319741
51.7,2.1,46.2,145329.8297,9.2336463
51.7,0.9,47.4,85792.90986,9.2356732
51.7,2,46.3,141181.1958,9.2359009
51.7,1.9,46.4,136798.3203,9.2379366
51.7,1,47.3,90736.6195,9.2389056
51.7,1.8,46.5,130394.0144,9.2403704
51.7,1.1,47.2,95606.65369,9.2410693
51.7,1.7,46.6,115018.6267,9.241928
51.7,1.6,46.7,120755.9221,9.242585
51.7,1.2,47.1,101073.2293,9.2430063
51.7,1.5,46.8,115904.0348,9.2434877
51.7,1.4,46.9,111541.5122,9.2438804
51.7,1.3,47,106390.5427,9.2440959
51.8,0,48.2,46594.5711,9.6869337
51.8,0.1,48.1,49546.45506,9.6988364
51.8,3.2,45,151378.1483,9.7051344
51.8,0.2,48,52519.07451,9.7094101
51.8,3.1,45.1,152037.7356,9.7107391
51.8,3,45.2,152411.3814,9.7160495
51.8,0.3,47.9,56072.41816,9.7196787
51.8,2.9,45.3,152706.1646,9.7210891
51.8,2.8,45.4,152244.3379,9.7258583
51.8,0.4,47.8,59798.55392,9.7272031
51.8,2.7,45.5,149701.402,9.7307002
51.8,0.5,47.7,63582.17273,9.7348956
51.8,2.6,45.6,150104.6857,9.735297
51.8,2.5,45.7,148034.1899,9.7396642
51.8,0.6,47.6,67449.79482,9.7413419
51.8,2.4,45.8,145820.2111,9.7434894
51.8,0.7,47.5,71652.50977,9.7467805
51.8,2.3,45.9,143536.6056,9.7480796
51.8,2.2,46,140440.6338,9.7499828
51.8,0.8,47.4,76008.78711,9.7514669
51.8,2.1,46.1,136812.6072,9.752601
51.8,0.9,47.3,80448.93321,9.755369
51.8,2,46.2,132837.6283,9.7557275
51.8,1.9,46.3,128486.4413,9.7573085
51.8,1,47.2,85192.75687,9.7587494
51.8,1.8,46.4,122320.0971,9.7599318
51.8,1.1,47.1,89849.97605,9.7609736
51.8,1.7,46.5,118223.9417,9.7617037
51.8,1.2,47,94797.89436,9.7629263
51.8,1.6,46.6,113680.377,9.7630791
51.8,1.5,46.7,109051.1298,9.7633869
51.8,1.4,46.8,103786.8477,9.7638766
51.8,1.3,46.9,99631.49839,9.7646029
51.9,0,48.1,44173.01308,10.2073834
51.9,0.1,48,46554.04016,10.219363
51.9,3.1,45,144505.6695,10.2297144
51.9,0.2,47.9,49951.31437,10.230418
51.9,3,45.1,144935.9107,10.2354599
51.9,0.3,47.8,53185.44058,10.2402277
51.9,2.9,45.2,144877.4539,10.2408984
51.9,2.8,45.3,144623.1286,10.2463833
51.9,0.4,47.7,56604.87196,10.2488401
51.9,2.7,45.4,143439.158,10.251238
51.9,0.5,47.6,60116.27357,10.2567584
51.9,2.6,45.5,142392.452,10.2568392
51.9,2.5,45.6,140533.8233,10.260823
51.9,0.6,47.5,63610.26475,10.2640237
51.9,2.4,45.7,138257.141,10.265237
51.9,2.3,45.8,135298.6128,10.2690758
51.9,0.7,47.4,67643.9103,10.269106
51.9,2.2,45.9,132382.2438,10.271708
51.9,0.8,47.3,71745.96275,10.2740684
51.9,2.1,46,128962.9188,10.2745395
51.9,2,46.1,125063.9622,10.2772337
51.9,0.9,47.2,75821.74345,10.2781762
51.9,1.9,46.2,121285.7912,10.2803631
51.9,1,47.1,80286.34256,10.2813906
51.9,1.8,46.3,115411.0433,10.2825428
51.9,1.1,47,84328.92592,10.2839931
51.9,1.7,46.4,111446.0862,10.2844452
51.9,1.6,46.5,107100.4523,10.2852413
51.9,1.2,46.9,89204.23527,10.2856411
51.9,1.5,46.6,102683.3345,10.2862685
51.9,1.4,46.7,98560.47339,10.2872307
51.9,1.3,46.8,93965.32753,10.2876326
52,0,48,42036.79466,10.7314313
52,0.1,47.9,44684.50046,10.7426676
52,0.2,47.8,47512.1908,10.7541909
52,3,45,138210.9033,10.758187
52,0.3,47.7,50439.25953,10.7641051
52,2.9,45.1,137647.0005,10.7646939
52,2.8,45.2,137159.5181,10.7694988
52,2.7,45.3,136170.217,10.7750343
52,2.6,45.4,134599.4051,10.7799063
52,0.5,47.5,56988.71156,10.7810366
52,2.5,45.5,132808.9201,10.7855129
52,0.6,47.4,60458.9082,10.7880143
52,2.4,45.6,130491.3649,10.7895014
52,2.3,45.7,128008.651,10.7931534
52,0.7,47.3,63861.57134,10.7941483
52,2.2,45.8,124996.7817,10.7963681
52,0.4,47.6,53668.82904,10.7990422
52,0.8,47.2,67872.63597,10.7993862
52,2.1,45.9,121875.0859,10.7994202
52,2,46,118019.5699,10.8022984
52,0.9,47.1,71820.92987,10.8033669
52,1.9,46.1,113063.6747,10.8056578
52,1,47,75844.79916,10.806713
52,1.8,46.2,106685.2776,10.8079839
52,1.1,46.9,80090.50304,10.8093884
52,1.7,46.3,105277.5041,10.8099924
52,1.2,46.8,84309.81734,10.8113718
52,1.6,46.4,101003.2721,10.8115704
52,1.4,46.6,93114.45787,10.8125044
52,1.5,46.5,97056.67158,10.8126471
52,1.3,46.7,81176.19452,10.8133752
52.1,0,47.9,39986.51483,11.255745
52.1,0.1,47.8,42561.9223,11.268716
52.1,0.2,47.7,45136.19275,11.2803543
52.1,2.9,45,131425.0626,11.2896209
52.1,0.3,47.6,47931.7541,11.2918636
52.1,2.8,45.1,130448.9705,11.2954436
52.1,0.4,47.5,50979.45471,11.3000433
52.1,2.7,45.2,129568.9543,11.3013017
52.1,2.6,45.3,128135.292,11.30751
52.1,0.5,47.4,54024.76858,11.3083248
52.1,2.5,45.4,116810.6443,11.3120111
52.1,0.6,47.3,57318.79509,11.3157201
52.1,2.4,45.5,124210.5548,11.3165208
52.1,2.3,45.6,121012.6191,11.3203351
52.1,0.7,47.2,60706.30092,11.3218568
52.1,2.2,45.7,118759.1132,11.3237865
52.1,0.8,47.1,64003.80813,11.3270243
52.1,2.1,45.8,115414.0307,11.3271036
52.1,2,45.9,111900.093,11.3307706
52.1,0.9,47,67370.46911,11.3315361
52.1,1.9,46,106931.3284,11.333584
52.1,1,46.9,71997.36613,11.3350064
52.1,1.8,46.1,94497.29239,11.3361377
52.1,1.1,46.8,75488.25175,11.3377469
52.1,1.7,46.2,99736.06042,11.338239
52.1,1.6,46.3,95709.84795,11.3391726
52.1,1.2,46.7,79917.2702,11.3397419
52.1,1.5,46.4,91872.44049,11.3410829
52.1,1.4,46.5,88274.43411,11.3413417
52.1,1.3,46.6,84072.31246,11.3417341
52.2,0,47.8,38183.5667,11.7850313
52.2,0.1,47.7,40584.67503,11.7968183
52.2,0.2,47.6,43123.40962,11.8098412
52.2,0.3,47.5,45715.28335,11.8197264
52.2,2.8,45,124330.753,11.824494
52.2,0.4,47.4,48426.2087,11.8294021
52.2,2.7,45.1,123352.0726,11.8309852
52.2,2.6,45.2,121959.776,11.8360386
52.2,0.5,47.3,51518.52178,11.8378131
52.2,2.5,45.3,120259.6098,11.8414685
52.2,0.6,47.2,54394.32066,11.8452667
52.2,2.4,45.4,118406.5187,11.8465568
52.2,2.3,45.5,115754.6982,11.8509843
52.2,0.7,47.1,57797.95026,11.8517269
52.2,2.2,45.6,112936.9735,11.853861
52.2,2.1,45.7,109593.84,11.8573449
52.2,0.8,47,61075.47962,11.8575133
52.2,2,45.8,96142.64116,11.8605479
52.2,0.9,46.9,64647.90953,11.8627216
52.2,1.9,45.9,92949.3092,11.8635043
52.2,1,46.8,68204.97754,11.8654535
52.2,1.8,46,98094.73183,11.8668424
52.2,1.1,46.7,71985.56691,11.8682608
52.2,1.7,46.1,94584.33855,11.8690607
52.2,1.2,46.6,75750.53902,11.870622
52.2,1.6,46.2,90678.5386,11.870801
52.2,1.5,46.3,87161.70929,11.8712908
52.2,1.3,46.5,79778.69075,11.8717728
52.2,1.4,46.4,83455.66143,11.8732418
52.3,0,47.7,36522.59262,12.3138661
52.3,0.1,47.6,38834.39802,12.3274528
52.3,0.2,47.5,41195.13251,12.3398397
52.3,0.3,47.4,43684.27794,12.3510502
52.3,0.4,47.3,46346.07737,12.3612761
52.3,2.7,45,118033.5961,12.362218
52.3,2.6,45.1,116711.9883,12.3678382
52.3,0.5,47.2,49066.27552,12.370113
52.3,2.5,45.2,114669.2527,12.3734873
52.3,0.6,47.1,52027.06746,12.3776067
52.3,2.4,45.3,112537.9801,12.378757
52.3,2.3,45.4,109954.7417,12.3825845
52.3,0.7,47,55003.85561,12.3843937
52.3,2.2,45.5,107421.7654,12.3864705
52.3,0.8,46.9,58260.06301,12.3900716
52.3,2.1,45.6,104430.3007,12.3908654
52.3,2,45.7,99955.35414,12.3934913
52.3,0.9,46.8,61653.95657,12.3945967
52.3,1.9,45.8,96653.70909,12.3965584
52.3,1,46.7,65037.46605,12.3986861
52.3,1.8,45.9,93354.54592,12.4000624
52.3,1.1,46.6,68424.81307,12.4015522
52.3,1.7,46,89781.26453,12.4024116
52.3,1.2,46.5,72073.39133,12.4035464
52.3,1.6,46.1,79089.38236,12.4042195
52.3,1.5,46.2,83016.53651,12.4046126
52.3,1.3,46.4,75438.40127,12.4050181
52.3,1.4,46.3,79284.54397,12.4055501
52.4,0,47.6,34990.98844,12.8461806
52.4,0.1,47.5,37118.2609,12.8605588
52.4,0.2,47.4,39331.35179,12.8732891
52.4,0.3,47.3,41742.12748,12.8846984
52.4,2.6,45,110301.7182,12.9025785
52.4,0.5,47.1,46936.57391,12.904068
52.4,2.5,45.1,109497.0393,12.9084208
52.4,0.6,47,49621.62128,12.9123279
52.4,2.4,45.2,107347.3362,12.9131599
52.4,2.3,45.3,105407.1224,12.91744
52.4,0.7,46.9,52649.92368,12.9190494
52.4,2.2,45.4,102577.0004,12.9214992
52.4,0.4,47.2,44255.34162,12.9245556
52.4,0.8,46.8,55621.93567,12.924974
52.4,2.1,45.5,99645.89178,12.9252854
52.4,2,45.6,95255.74884,12.929635
52.4,0.9,46.7,58664.61711,12.930066
52.4,1.9,45.7,92064.10266,12.9320286
52.4,1,46.6,61946.20397,12.9338945
52.4,1.8,45.8,88886.87131,12.9357344
52.4,1.1,46.5,65213.84567,12.936813
52.4,1.7,45.9,85623.16054,12.9371977
52.4,1.2,46.4,68651.93677,12.9391963
52.4,1.6,46,82266.53033,12.939934
52.4,1.5,46.1,79342.26227,12.9403555
52.4,1.4,46.2,75838.98096,12.9414341
52.4,1.3,46.3,72256.91775,12.9414663
52.5,0,47.5,33626.74278,13.3819817
52.5,0.1,47.4,35615.73057,13.3953119
52.5,0.2,47.3,37738.08267,13.40874
52.5,0.3,47.2,40064.38258,13.4203625
52.5,0.4,47.1,42363.47557,13.4313076
52.5,0.5,47,44866.98687,13.4407243
52.5,2.5,45,104785.9318,13.4453646
52.5,0.6,46.9,47548.13267,13.4489715
52.5,2.4,45.1,102642.6272,13.450142
52.5,2.3,45.2,100703.8841,13.4546101
52.5,0.7,46.8,50247.69245,13.4559955
52.5,2.2,45.3,97959.80158,13.4596455
52.5,0.8,46.7,53094.91517,13.4621683
52.5,2.1,45.4,95045.45346,13.4627877
52.5,2,45.5,92167.36583,13.4664426
52.5,0.9,46.6,55856.74341,13.4679417
52.5,1.9,45.6,87978.40162,13.4697875
52.5,1,46.5,59115.05083,13.4713754
52.5,1.8,45.7,84980.8836,13.4727412
52.5,1.1,46.4,62334.58101,13.4747583
52.5,1.7,45.8,81790.8845,13.4751234
52.5,1.2,46.3,65600.30191,13.4767245
52.5,1.6,45.9,78650.08548,13.4779498
52.5,1.5,46,75011.58881,13.478317
52.5,1.3,46.2,68878.06292,13.4784964
52.5,1.4,46.1,72332.51484,13.4792067
52.6,0,47.4,32324.89591,13.9176362
52.6,0.1,47.3,34232.30931,13.9323804
52.6,0.2,47.2,36283.43581,13.9460955
52.6,0.3,47.1,38399.34312,13.9583116
52.6,0.4,47,40666.28397,13.9693773
52.6,0.5,46.9,42999.59047,13.9788285
52.6,0.6,46.8,45537.9821,13.9874488
52.6,2.4,45,98391.43844,13.9893802
52.6,0.7,46.7,48143.85807,13.9947714
52.6,2.3,45.1,96390.99479,13.994945
52.6,2.2,45.2,93691.27869,13.9993144
52.6,0.8,46.6,50874.2291,14.001175
52.6,2.1,45.3,91084.09763,14.0033493
52.6,2,45.4,79595.95018,14.0062947
52.6,0.9,46.5,53699.34386,14.006625
52.6,1.9,45.5,84309.89842,14.0096914
52.6,1,46.4,56626.65433,14.011087
52.6,1.8,45.6,81178.40581,14.0136885
52.6,1.1,46.3,59700.33232,14.0140916
52.6,1.7,45.7,78281.0773,14.0152213
52.6,1.2,46.2,62672.06401,14.0168949
52.6,1.6,45.8,68756.36007,14.0181131
52.6,1.4,46,69147.25943,14.0192091
52.6,1.3,46.1,65958.73972,14.0195722
52.6,1.5,45.9,72419.48684,14.0200206
52.7,0,47.3,31116.22763,14.4562341
52.7,0.1,47.2,32630.84358,14.4713087
52.7,0.2,47.1,34889.97744,14.4852795
52.7,0.3,47,36889.34454,14.4980772
52.7,0.5,46.8,41326.90473,14.5195371
52.7,0.6,46.7,43743.58588,14.5280872
52.7,2.3,45,92316.79728,14.5355778
52.7,0.7,46.6,46149.93999,14.5361394
52.7,2.2,45.1,89834.14643,14.5401016
52.7,0.8,46.5,48796.40435,14.5423394
52.7,2.1,45.2,86048.80297,14.5452364
52.7,0.4,46.9,38961.24941,14.5458387
52.7,0.9,46.4,51441.57425,14.5479615
52.7,2,45.3,83385.83255,14.5482733
52.7,1,46.3,53661.06428,14.5525306
52.7,1.9,45.4,80648.03292,14.5527882
52.7,1.8,45.5,77841.01951,14.5558605
52.7,1.1,46.2,57156.9593,14.5560087
52.7,1.7,45.6,74915.01578,14.5584199
52.7,1.2,46.1,60156.84738,14.5588168
52.7,1.6,45.7,72341.37981,14.5603832
52.7,1.3,46,63192.54995,14.5604724
52.7,1.5,45.8,69319.14777,14.5606439
52.7,1.4,45.9,66277.07288,14.5613948
52.8,0,47.2,29954.14544,14.9974877
52.8,0.1,47.1,31767.24749,15.0124509
52.8,0.2,47,33616.80769,15.0266347
52.8,0.3,46.9,35535.19727,15.0395785
52.8,0.4,46.8,37580.88452,15.0512249
52.8,0.5,46.7,39590.94671,15.0619713
52.8,0.6,46.6,41963.32136,15.0708579
52.8,0.7,46.5,44244.86934,15.078763
52.8,2.2,45,86126.28483,15.0838777
52.8,0.8,46.4,46927.20509,15.0856282
52.8,2.1,45.1,83530.628,15.08823
52.8,0.9,46.3,49488.80111,15.0914153
52.8,2,45.2,80101.15629,15.0922863
52.8,1.9,45.3,77342.88525,15.0958893
52.8,1,46.2,52064.52331,15.0960834
52.8,1.1,46.1,54781.74997,15.0996003
52.8,1.8,45.4,71358.8447,15.1000598
52.8,1.7,45.5,65754.30837,15.1016464
52.8,1.2,46,57649.95246,15.1023946
52.8,1.6,45.6,69477.46839,15.1046259
52.8,1.4,45.8,63532.19846,15.1052422
52.8,1.3,45.9,60649.50536,15.1054666
52.8,1.5,45.7,66610.58298,15.1057566
52.9,0,47.1,28956.39501,15.5387807
52.9,0.1,47,30625.49026,15.5553137
52.9,0.2,46.9,32297.63359,15.5696878
52.9,0.3,46.8,34246.71313,15.5831947
52.9,0.4,46.7,36201.20999,15.5953319
52.9,0.5,46.6,38264.22367,15.6060466
52.9,0.6,46.5,40027.06971,15.6152711
52.9,0.7,46.4,42719.21739,15.6234489
52.9,0.8,46.3,45059.82046,15.6305307
52.9,2.1,45,80477.12995,15.6341252
52.9,0.9,46.2,47545.89394,15.6364711
52.9,2,45.1,76825.81218,15.6392959
52.9,1,46.1,50017.20838,15.6417067
52.9,1.9,45.2,74195.03675,15.6419519
52.9,1.1,46,52775.90268,15.645255
52.9,1.8,45.3,71741.48712,15.6461686
52.9,1.2,45.9,55519.92557,15.648512
52.9,1.7,45.4,68999.64543,15.6488613
52.9,1.3,45.8,58137.5537,15.6504935
52.9,1.6,45.5,66746.27562,15.6508086
52.9,1.4,45.7,60967.60439,15.6511561
52.9,1.5,45.6,64013.28552,15.6525438
53,0,47,27950.5581,16.0830638
53,0.1,46.9,29574.77189,16.1011592
53,0.2,46.8,31227.99423,16.1148241
53,0.3,46.7,33020.66498,16.1284244
53,0.4,46.6,34902.78049,16.1410452
53,0.5,46.5,36847.96345,16.1521563
53,0.6,46.4,38980.8226,16.1617258
53,0.7,46.3,41127.77543,16.1701707
53,0.8,46.2,43349.57617,16.1774568
53,0.9,46.1,45813.46773,16.1835433
53,2,45,74062.0678,16.1861195
53,1,46,48190.62673,16.1888798
53,1.9,45.1,71537.03054,16.1899364
53,1.1,45.9,50682.92819,16.192942
53,1.8,45.2,67455.57994,16.1942034
53,1.2,45.8,48773.29294,16.1961878
53,1.7,45.3,63607.73323,16.1969259
53,1.3,45.7,56002.49015,16.1980886
53,1.6,45.4,63860.27451,16.1988769
53,1.5,45.5,61495.27756,16.1989414
53,1.4,45.6,58782.11393,16.1991172
53.1,0,46.9,26986.4557,16.6284654
53.1,0.1,46.8,28595.00729,16.6459586
53.1,0.2,46.7,30176.86351,16.6615545
53.1,0.3,46.6,31947.69954,16.6756786
53.1,0.4,46.5,33689.93855,16.6882891
53.1,0.5,46.4,35611.58221,16.699804
53.1,0.6,46.3,37568.77876,16.7096933
53.1,0.7,46.2,39670.56832,16.7184016
53.1,0.8,46.1,41841.04566,16.7258867
53.1,0.9,46,44173.39809,16.7326134
53.1,1,45.9,46442.53641,16.7380426
53.1,1.9,45,68892.24388,16.7397186
53.1,1.1,45.8,48890.35064,16.7421275
53.1,1.8,45.1,66395.1067,16.7441456
53.1,1.2,45.7,51327.93214,16.7453512
53.1,1.7,45.2,63924.59277,16.745679
53.1,1.3,45.6,53956.6588,16.7476848
53.1,1.6,45.3,61694.99615,16.7486585
53.1,1.5,45.4,59127.06818,16.7490247
53.1,1.4,45.5,56417.40696,16.7490979
53.2,0,46.8,26176.15422,17.1759189
53.2,0.1,46.7,27631.45308,17.1936045
53.2,0.2,46.6,29202.3992,17.2097991
53.2,0.3,46.5,30806.30947,17.2244552
53.2,0.4,46.4,29801.54327,17.2375052
53.2,0.5,46.3,34290.85304,17.248902
53.2,0.6,46.2,36356.10608,17.2596316
53.2,0.7,46.1,38308.0665,17.2685943
53.2,0.8,46,40425.17628,17.2762696
53.2,0.9,45.9,42562.17576,17.2831398
53.2,1,45.8,44790.63283,17.2886423
53.2,1.1,45.7,46851.9373,17.2932777
53.2,1.8,45,64011.05308,17.2956939
53.2,1.2,45.6,49444.49304,17.2964683
53.2,1.7,45.1,61657.93112,17.29837
53.2,1.3,45.5,51945.16028,17.2987159
53.2,1.4,45.4,54486.42089,17.2999938
53.2,1.6,45.2,59557.12044,17.3001784
53.2,1.5,45.3,56996.66554,17.3008073
53.3,0,46.7,25307.86881,17.7248575
53.3,0.1,46.6,26708.20275,17.7432199
53.3,0.2,46.5,28262.00673,17.7608472
53.3,0.3,46.4,28738.86269,17.7746691
53.3,0.4,46.3,31482.71742,17.7882289
53.3,0.5,46.2,33251.82924,17.7999372
53.3,0.6,46.1,35132.71595,17.810984
53.3,0.7,46,37004.97557,17.8201822
53.3,0.8,45.9,38628.72899,17.8280463
53.3,0.9,45.8,41164.97729,17.8350499
53.3,1,45.7,43299.27307,17.8411696
53.3,1.1,45.6,45406.55361,17.8458238
53.3,1.2,45.5,47763.23027,17.8489654
53.3,1.3,45.4,50173.32767,17.8516698
53.3,1.7,45,59528.26782,17.8517051
53.3,1.4,45.3,52652.96451,17.8533628
53.3,1.6,45.1,57205.88684,17.8535282
53.3,1.5,45.2,55015.63835,17.8539936
53.4,0,46.6,24595.75752,18.2758117
53.4,0.1,46.5,25969.36042,18.2942738
53.4,0.2,46.4,27356.72781,18.3111677
53.4,0.3,46.3,28868.68256,18.3263224
53.4,0.4,46.2,30448.44426,18.3402087
53.4,0.5,46.1,32231.37935,18.3528839
53.4,0.6,46,33976.73428,18.3636978
53.4,0.7,45.9,35830.02708,18.3731306
53.4,0.8,45.8,37626.41148,18.3817197
53.4,0.9,45.7,39792.00091,18.3888486
53.4,1,45.6,41829.66498,18.3950427
53.4,1.1,45.5,43541.0641,18.3997058
53.4,1.2,45.4,46220.74678,18.4033586
53.4,1.3,45.3,48456.43382,18.4065481
53.4,1.4,45.2,50838.06476,18.4080972
53.4,1.6,45,55472.83916,18.4084549
53.4,1.5,45.1,53201.5601,18.4085367
53.5,0,46.5,23873.31491,18.8275871
53.5,0.1,46.4,25149.84075,18.846715
53.5,0.2,46.3,26554.53632,18.8641285
53.5,0.3,46.2,28027.29896,18.8797731
53.5,0.5,46,31187.44606,18.9066123
53.5,0.6,45.9,32880.37531,18.9182798
53.5,0.4,46.1,29546.36608,18.9269503
53.5,0.7,45.8,34698.51413,18.927948
53.5,0.8,45.7,36538.29034,18.9367049
53.5,0.9,45.6,38518.65924,18.9445241
53.5,1,45.5,40473.29385,18.9507857
53.5,1.1,45.4,42452.06686,18.9554498
53.5,1.2,45.3,44665.33892,18.9596346
53.5,1.3,45.2,46850.41361,18.9621518
53.5,1.4,45.1,49230.59749,18.9641368
53.5,1.5,45,51442.76638,18.9649694
53.6,0,46.4,23169.09519,19.3818179
53.6,0.1,46.3,24416.14868,19.4020849
53.6,0.2,46.2,25729.83923,19.4184486
53.6,0.3,46.1,27169.17794,19.4345675
53.6,0.4,46,28535.06963,19.4493574
53.6,0.5,45.9,30236.94568,19.4621789
53.6,0.6,45.8,31934.16354,19.4741377
53.6,0.7,45.7,33585.05639,19.4840214
53.6,0.8,45.6,35342.18607,19.4935393
53.6,0.9,45.5,37300.98072,19.500887
53.6,1,45.4,39179.80613,19.5077955
53.6,1.1,45.3,41249.63591,19.5130454
53.6,1.2,45.2,43307.03533,19.5171878
53.6,1.3,45.1,45390.80259,19.5201948
53.6,1.4,45,47567.22165,19.523332
53.7,0,46.3,22530.7459,19.9357051
53.7,0.1,46.2,23727.48073,19.9560991
53.7,0.2,46.1,25017.5326,19.9740402
53.7,0.3,46,26379.43789,19.9906295
53.7,0.4,45.9,27804.01451,20.0058306
53.7,0.5,45.8,29348.84389,20.0189863
53.7,0.6,45.7,30940.63464,20.032616
53.7,0.7,45.6,32615.44029,20.0419179
53.7,0.8,45.5,34290.90965,20.0510074
53.7,0.9,45.4,36184.61636,20.0590535
53.7,1,45.3,37972.77107,20.0660219
53.7,1.1,45.2,39949.00442,20.0712619
53.7,1.2,45.1,41923.06271,20.0759671
53.7,1.3,45,43984.0007,20.078856
53.8,0,46.2,21919.72117,20.4919828
53.8,0.1,46.1,23056.72376,20.5141567
53.8,0.2,46,24318.23831,20.5314493
53.8,0.3,45.9,25675.8938,20.548511
53.8,0.4,45.8,27058.24561,20.5635019
53.8,0.5,45.7,28541.16053,20.5775893
53.8,0.6,45.6,30076.10847,20.5900986
53.8,0.7,45.5,31671.84345,20.6010134
53.8,0.8,45.4,33323.87286,20.6108695
53.8,0.9,45.3,35068.70441,20.6190203
53.8,1,45.2,36859.84017,20.6260401
53.8,1.1,45.1,38719.39794,20.6318948
53.8,1.2,45,40757.32668,20.6359119
53.9,0,46.1,21289.44436,21.0494543
53.9,0.1,46,22449.8435,21.070472
53.9,0.2,45.9,23677.58136,21.0894419
53.9,0.3,45.8,24991.41393,21.1069558
53.9,0.4,45.7,26287.43686,21.1229521
53.9,0.5,45.6,27719.87133,21.1373702
53.9,0.6,45.5,29113.84012,21.1501502
53.9,0.7,45.4,30720.78124,21.1612592
53.9,0.8,45.3,32363.5847,21.1712726
53.9,0.9,45.2,34112.70199,21.1801502
53.9,1,45.1,35819.90478,21.1872115
53.9,1.1,45,37583.70268,21.1930514
54,0,46,20776.10341,21.6087744
54,0.1,45.9,21867.6981,21.6297268
54,0.2,45.8,23067.62426,21.6508955
54,0.3,45.7,24262.38759,21.6672103
54,0.4,45.6,25575.57237,21.6835889
54,0.5,45.5,26929.77172,21.6982847
54,0.6,45.4,28369.90997,21.7113265
54,0.7,45.3,29927.89951,21.7232757
54,0.8,45.2,31464.4174,21.7334246
54,0.9,45.1,33113.12483,21.7423995
54,1,45,34802.12605,21.7494873
54.1,0,45.9,20256.18564,22.1685674
54.1,0.1,45.8,21220.05218,22.1901068
54.1,0.2,45.7,22473.54575,22.2107291
54.1,0.3,45.6,23645.57327,22.2284759
54.1,0.4,45.5,24938.34892,22.2452342
54.1,0.5,45.4,26242.76934,22.260282
54.1,0.6,45.3,27652.26998,22.2742367
54.1,0.7,45.2,29081.19265,22.28638
54.1,0.8,45.1,30631.53255,22.2966721
54.1,0.9,45,32147.9556,22.307064
54.2,0,45.8,19745.73096,22.7301551
54.2,0.1,45.7,20679.69939,22.752218
54.2,0.2,45.6,21900.21556,22.7744029
54.2,0.3,45.5,23011.14226,22.7915293
54.2,0.4,45.4,24297.77601,22.8087348
54.2,0.5,45.3,25595.8458,22.8239954
54.2,0.6,45.2,26958.82793,22.838212
54.2,0.7,45.1,28296.74572,22.8505523
54.2,0.8,45,29749.73212,22.8609625
54.3,0,45.7,19270.29354,23.2921204
54.3,0.1,45.6,20292.27062,23.3154196
54.3,0.2,45.5,21317.33415,23.3363872
54.3,0.3,45.4,22469.36383,23.3556353
54.3,0.4,45.3,23691.49155,23.3731135
54.3,0.5,45.2,24896.30633,23.3887665
54.3,0.6,45.1,26231.90972,23.4032192
54.3,0.7,45,27592.80614,23.4157279
54.4,0,45.6,18773.3805,23.8558118
54.4,0.1,45.5,19790.49862,23.8807141
54.4,0.2,45.4,20846.93017,23.9004055
54.4,0.3,45.3,21920.45069,23.9207715
54.4,0.4,45.2,23035.11127,23.9385984
54.4,0.5,45.1,24232.50208,23.9545241
54.4,0.6,45,25571.11735,23.9692205
54.5,0,45.5,18337.86553,24.4205169
54.5,0.1,45.4,19343.55292,24.4442077
54.5,0.2,45.3,20331.75646,24.4661082
54.5,0.3,45.2,21399.63315,24.486876
54.5,0.4,45.1,22498.00774,24.5050536
54.5,0.5,45,23701.2904,24.5219824
54.6,0,45.4,17954.38112,24.9861789
54.6,0.1,45.3,18901.97919,25.0127186
54.6,0.2,45.2,19813.72687,25.0334837
54.6,0.3,45.1,20713.17386,25.0539523
54.6,0.4,45,21983.88037,25.0725116
54.7,0,45.3,17543.83799,25.5535721
54.7,0.1,45.2,18469.2341,25.5782766
54.7,0.2,45.1,19431.96251,25.6010824
54.7,0.3,45,20432.32784,25.621969
54.8,0,45.2,17175.72127,26.1211061
54.8,0.1,45.1,18059.15928,26.1463193
54.8,0.2,45,18954.03237,26.1703277
54.9,0,45.1,16790.08023,26.690331
54.9,0.1,45,17657.92449,26.7160006
55,0,45,16447.93675,27.2603774
